Severity,global_Mean_total_billions,global_SD_total_billions
Health,12.796290258932155,3.684178465595855
Stage_III_IVT1_2,73.4691237493379,12.3726421832287
Stage_IVT3,18.213318495411908,9.106425146880998
Stage_IVT4,20.615852561181512,10.775128871660748
Stage_I_II,28.531738810195463,7.040609840771833
