Severity,global_Mean_total_billions,global_SD_total_billions
Health,13.134360634274136,3.826700661815426
Stage_III_IVT1_2,72.01280144847335,12.114262492119952
Stage_IVT3,17.02007345169065,8.383337713870164
Stage_IVT4,19.42775274881091,9.891797396356942
Stage_I_II,28.4533789941782,6.942642494325509
