Severity,global_Mean_total_billions,global_SD_total_billions
Health,13.128874698362578,3.7847791306368506
Stage_III_IVT1_2,76.99572361881322,12.920952111702904
Stage_IVT3,18.196813522158944,8.856095139432389
Stage_IVT4,22.431167576454605,11.652249415401823
Stage_I_II,28.33409562554541,6.9579418874677605
