Severity,global_Mean_total_billions,global_SD_total_billions
Health,12.882527662430903,3.846468591266323
Stage_III_IVT1_2,78.56597297259675,13.347215056792248
Stage_IVT3,18.336608926447607,8.898361126891439
Stage_IVT4,21.802253460223003,11.006271950983166
Stage_I_II,27.894529866612356,6.8529542349717385
