Severity,global_Mean_total_billions,global_SD_total_billions
Health,13.116329084646237,3.750031559290071
Stage_III_IVT1_2,76.22454975618615,12.975610186103903
Stage_IVT3,18.622569263973894,9.130708298090756
Stage_IVT4,21.830936839609645,11.633340189379032
Stage_I_II,28.163406369872437,6.966067153587957
