Severity,global_Mean_total_billions,global_SD_total_billions
Health,12.75389674677705,3.7664642757790703
Stage_III_IVT1_2,78.80566782202028,13.592688759953964
Stage_IVT3,18.7631296347451,9.293283871350058
Stage_IVT4,22.313699316143328,11.630037753497193
Stage_I_II,27.319095419669424,6.689784075758289
