Severity,global_Mean_total_billions,global_SD_total_billions
Health,12.97364149734619,3.6876435494218875
Stage_III_IVT1_2,59.88298625896558,9.125153625052793
Stage_IVT3,14.177271953975941,6.278711773243757
Stage_IVT4,16.602396636253786,7.721997485491312
Stage_I_II,28.11767174742853,6.774083727758911
