Severity,global_Mean_total_billions,global_SD_total_billions
Health,12.973645072539172,3.6876435495923303
Stage_III_IVT1_2,59.882991992030334,9.125153625130189
Stage_IVT3,14.177273129440467,6.278711773256592
Stage_IVT4,16.60239840246525,7.721997485509358
Stage_I_II,28.11767718925159,6.774083727930196
